[
    {
        "firstName": "Aftab, Rakin",
        "lastName": "Sad",
        "username": "aftabrakinsad",
        "email": "20-41991-1@student.aiub.edu",
        "nid": "20419911",
        "phone": "01889046538",
        "password": "Pplaying5cards",
        "cpassword": "Pplaying5cards",
        "filepath": "..\/Uploads\/Fx7.jpg"
    },
    {
        "firstName": "William",
        "lastName": "Don",
        "username": "williandon",
        "email": "aftabhpy@gmail.com",
        "nid": "43567348345",
        "phone": "231424514444",
        "password": "Willian123@",
        "cpassword": "Willian123@",
        "filepath": "..\/Uploads\/Fx9.jpg"
    }
]